mof_id,pore_dimension,PLD,LCD,SSA,porosity,density,capa_mass,capa_volume,095_current
imof-1,1,9.77107,11.0026,1220.49,0.2493,1.201809812,97.88499538,117.6391479,0.175368452
imof-2,1,21.10511,21.23594,1370.48,0.38338,0.743564834,92.10452261,68.48568406,1.157086202
imof-3,1,11.53323,12.06278,1217.8,0.25528,1.010613993,85.10475033,86.00805155,0.40184446
imof-4,3,11.58862,17.9886,3953.88,0.4426,0.489585452,173.5301092,84.95781701,1.035413275
imof-5,3,15.81306,16.66087,3555.2,0.61336,0.452965591,111.1972615,50.36853325,2.178598133
imof-6,1,13.12808,13.48818,2124.57,0.29736,0.67480931,149.8680484,101.1323543,0.801275666
imof-7,1,10.15731,10.36245,2393.76,0.26472,0.685538233,188.3529998,129.1231827,0.923871887
imof-8,1,4.79381,5.84784,1418.12,0.06972,1.011039858,31.11104301,31.45450452,0.049096801
imof-9,1,13.7619,14.18866,1455.75,0.28146,0.873537979,104.6362551,91.40374273,0.28621757
imof-10,1,9.8956,10.01975,753.668,0.1441,1.230239844,59.43765365,73.12256977,0.051589304
imof-11,1,5.17503,5.90697,921.976,0.04774,1.144945868,63.98820257,73.26302816,0.06799518
imof-12,1,7.08286,7.20739,1254.74,0.11832,1.122624715,66.63642468,74.80769724,0.039353707
imof-13,1,5.32046,5.74447,688.041,0.03904,1.292950588,41.41179326,53.54340244,0.033603679
imof-14,3,11.56289,18.05221,4585.78,0.47012,0.444302815,182.8593113,81.24490679,1.140314818
imof-15,1,10.22825,13.96597,1507.33,0.26116,0.982838261,103.6005604,101.8225946,0.308902231
imof-16,1,19.99958,20.32176,1309.01,0.39324,0.815335304,86.99263866,70.92816946,0.643321564
imof-17,1,6.92784,7.34894,939.959,0.0924,1.149045339,50.98035494,58.57873924,0.090104732
imof-18,3,28.01403,28.95944,7369.93,0.86968,0.087070039,211.0446537,18.37566617,13.37812672
imof-19,3,9.41033,18.8317,3255.15,0.4773,0.539455626,146.3422603,78.94515563,0.624297452
imof-20,1,4.70858,6.28136,521.827,0.02826,1.232954646,35.56052187,43.84451067,0.041884066
imof-21,2,4.5387,6.38086,1306.95,0.05028,0.951044164,61.78994649,58.76496801,0.061782613
imof-22,1,10.49521,11.05775,1243.62,0.23456,1.013520559,87.10906668,88.28682993,0.277919613
imof-23,1,8.6687,9.29844,817.815,0.1179,1.094674359,72.26839177,79.11035541,0.199072188
imof-24,1,5.36087,6.78679,496.773,0.0281,1.138245087,34.75660506,39.56153496,0.057493708
imof-25,1,8.73686,9.28124,801.213,0.1273,1.245378417,23.43269827,29.18257667,0.223014514
imof-26,3,3.87776,6.04958,1232.74,0.06802,1.095241559,88.7515317,97.20436593,0.028095872
imof-27,3,13.94167,20.44286,3882.77,0.54614,0.423092564,156.8114691,66.34576652,2.475607562
imof-28,3,13.52105,14.99657,1838.88,0.23146,0.796098656,127.7007482,101.662394,0.484364136
imof-29,3,14.34495,17.44674,2601.97,0.34646,0.66767467,149.8904665,100.0780677,0.655210977
imof-30,3,5.55328,11.95644,3125.27,0.21492,0.698189194,157.1833322,109.743704,0.124958998
imof-31,1,11.7086,12.54064,1168.59,0.18442,0.840483205,99.75775974,83.8447216,0.257738086
imof-32,1,22.14552,22.26165,1901.21,0.44454,0.590939284,130.1549969,76.91370072,2.007383179
imof-33,1,4.98427,6.08417,830.734,0.03836,1.136007971,49.77783176,56.54801364,0.064914863
imof-34,3,6.58825,10.206,2715.69,0.23994,0.751433258,149.8743175,112.6205467,0.121430414
imof-35,2,4.34687,4.89156,1642.06,0.0467,1.224721956,65.99897458,80.83039321,0.036922767
imof-36,3,11.47362,17.02601,5095.98,0.56278,0.34910858,192.8992348,67.34277786,1.788246603
imof-37,3,26.34525,27.04811,6673.96,0.84506,0.110577627,209.9078769,23.21111496,7.040588533
imof-38,1,23.06462,23.37742,2037.51,0.46802,0.532860927,143.2971753,76.35746563,2.200252709
imof-39,1,14.73753,15.01658,1486.5,0.32862,0.803906276,112.0684664,90.0925435,0.873314147
imof-40,3,12.81787,20.09739,2253.37,0.49222,0.73823031,84.94295432,62.70746348,0.90900536
imof-41,1,6.06291,6.41783,1138.66,0.0937,1.233652755,59.91461049,73.91382429,0.212916573
imof-42,3,15.32515,21.84844,5785.16,0.66104,0.246600285,233.2527446,57.5201934,2.494834224
imof-43,1,8.7721,8.99693,1868.9,0.21326,1.001720284,129.6659914,129.8890537,0.214302872
imof-44,3,5.14666,6.94033,1187.47,0.06716,1.09163091,31.22869196,34.09020543,0.076779169
imof-45,1,5.73689,7.07359,391.337,0.04468,1.794455027,15.98453929,28.68353689,0.029339959
imof-46,1,9.97887,10.89977,1329.69,0.24332,1.127796335,104.6430274,118.0160228,0.200656533
imof-47,1,18.44198,18.80716,1647.11,0.36902,0.696603267,112.9404205,78.67466595,0.615590314
imof-48,3,13.94275,20.40624,5013.21,0.56746,0.354378762,196.3434201,69.57993825,2.031908306
imof-49,3,15.27025,20.62714,3165.04,0.5501,0.489781869,124.5804403,61.01724095,1.845868889
imof-50,3,5.63445,8.23504,3793.45,0.20866,0.679921146,142.3762199,96.80460261,0.240290758
imof-51,1,6.25187,6.51369,1391.61,0.09518,0.97909554,74.13829752,72.58847642,0.043282223
imof-52,1,8.35572,8.95362,1297.6,0.14956,1.044168246,107.7160305,112.4736586,0.246336716
imof-53,1,8.55009,8.88589,828.921,0.1121,1.148454981,19.21833835,22.07139641,0.304795781
imof-54,1,18.49356,19.12534,2222.03,0.48214,0.615065891,117.3796924,72.19624504,1.167518996
imof-55,3,9.68828,10.71035,4790.59,0.3892,0.455138454,217.8750272,99.16330314,0.751202778
imof-56,1,5.85009,7.6603,1025.82,0.119,1.39649879,41.82955552,58.41492367,0.041762142
imof-57,1,5.73387,9.1783,1394.69,0.11302,0.92726498,68.78458683,63.78153855,0.077963912
imof-58,3,6.11638,13.68088,1979.71,0.30372,1.020359251,86.12900967,87.88253179,0.127496149
imof-59,3,12.8278,16.64977,5309.49,0.50492,0.359035435,212.7109669,76.37077443,1.702389064
imof-60,1,20.22687,20.57791,1838.67,0.43054,0.632173812,121.6814336,76.9238158,1.781270057
imof-61,1,20.50073,20.81816,1544.32,0.4268,0.748631313,95.34489793,71.37817613,1.53563363
imof-62,3,15.23544,20.46157,4925.72,0.59104,0.333803987,196.715581,65.66444534,2.582410822
imof-63,1,10.45064,11.83103,2339.58,0.28842,0.70041788,159.1802972,111.4927262,0.615822149
imof-64,3,7.34189,10.11294,4357.66,0.33412,0.577759057,155.1924162,89.66382401,0.565263069
imof-65,1,17.90881,18.32237,1255.64,0.35142,0.8054927,82.26377984,66.26287412,1.007806152
imof-66,1,5.16918,8.8808,899.979,0.08066,1.018573802,33.7444854,34.37124879,0.119120214
imof-67,3,9.75044,11.21899,1260.93,0.16084,1.002234104,34.07621227,34.15234207,0.085256501
imof-68,1,7.42743,7.89233,1589.23,0.14348,0.960723752,86.43372414,83.03893174,0.112448683
imof-69,1,5.09817,5.58097,848.759,0.02816,0.822071125,79.12775299,65.04864093,0.040590036
imof-70,1,8.30411,9.04814,744.13,0.10808,1.154172072,55.66679992,64.24906584,0.113293221
imof-71,3,8.18128,13.3723,4714.34,0.40192,0.44455416,211.9722991,94.2331674,0.290734875
imof-72,3,11.51017,17.42778,3587.32,0.47454,0.512336536,131.2921521,67.26576645,1.583184734
imof-73,1,11.33451,11.51418,1203.76,0.22046,0.972632252,97.07316268,94.41648885,0.462146276
imof-74,3,12.71257,13.31324,1506.24,0.21228,0.783852407,120.912247,94.77735587,0.277525666
imof-75,1,21.74813,22.02458,1341.82,0.40252,0.729530442,92.37872439,67.3930916,0.903243413
imof-76,1,14.14385,14.49679,1722.18,0.32416,0.703829755,125.1442741,88.08026374,1.208224512
imof-77,3,13.91955,20.28128,3446.82,0.52346,0.470684495,140.7414656,66.24482572,2.213478776
imof-78,3,9.07865,16.51901,4272.63,0.52702,0.433445144,140.1289426,60.73820974,1.255258565
imof-79,1,7.65648,8.16704,2933.14,0.16846,0.646294085,190.4231212,123.0693369,0.252927924
imof-80,1,10.71849,12.02364,2294.99,0.29424,0.703759296,157.4883322,110.8338778,0.50841039
imof-81,1,6.31779,6.54127,1354.52,0.083,0.970429012,141.7580868,137.5661601,0.13568702
imof-82,1,6.42259,8.72622,1080.86,0.1208,1.243023521,30.85792052,38.357121,0.081545082
imof-83,1,10.39963,12.46754,2796.83,0.30396,0.612848078,185.6553312,113.7785129,0.637146335
imof-84,3,7.97341,11.98323,3337.17,0.29618,0.597425853,194.9644559,116.4768064,0.157507538
imof-85,3,8.58772,10.97164,4060.72,0.4187,0.509551612,152.8313765,77.87547417,1.248215611
imof-86,1,21.21969,21.49773,2097.98,0.4523,0.538504761,150.5307292,81.06151439,1.992517346
imof-87,1,17.87815,18.28524,1266.91,0.35824,0.814274484,83.25051436,67.78876958,0.936332921
imof-88,3,15.22999,20.45166,4649.22,0.57936,0.352354267,184.920868,65.15765681,2.031340495
imof-89,3,13.04556,20.23572,3603.85,0.5171,0.495976837,131.8678038,65.40337617,1.563745411
imof-90,3,14.89716,20.58035,3033.32,0.54672,0.528266413,116.0966331,61.32995193,1.554595377
imof-91,3,12.97385,20.37907,3939.98,0.54136,0.420622357,145.361083,61.14212135,1.150925496
imof-92,1,6.42168,7.22961,1578.62,0.07446,1.115597118,88.32397534,98.5339723,0.043315755
imof-93,1,6.84157,7.47498,455.806,0.06634,1.66341286,17.83773951,29.67152529,0.040542795
imof-94,1,9.7086,10.74305,1228.66,0.24588,1.203685467,96.32008829,115.9390905,0.18821406
imof-95,1,6.00177,7.39729,655.022,0.05436,1.158430025,15.98848484,18.52154089,0.069031023
imof-96,3,15.19041,20.47727,4990.48,0.58544,0.329059697,210.1103607,69.1388517,2.368287606
imof-97,1,5.55358,7.07039,439.332,0.03294,1.27761892,14.22782814,18.17774243,0.14978268
imof-98,1,7.81133,9.73673,689.439,0.09978,1.276279733,25.12341097,32.06450026,0.014410637
imof-99,1,20.23786,20.58524,1260.08,0.368,0.776273287,86.55769113,67.19242344,0.66403202
imof-100,1,20.36891,20.7168,1282.12,0.3712,0.770470851,87.75149521,67.6099692,0.872403037
imof-101,1,21.4658,21.76738,1427.42,0.41694,0.749002444,93.59880312,70.10573226,0.824199867
imof-102,1,21.01539,21.20651,1338.73,0.38092,0.74900455,89.42410784,66.97906367,1.055598605
imof-103,1,4.37021,4.65931,433,0.0136,1.364455474,24.33894866,33.20941174,0.056974688
imof-104,3,12.82232,20.11289,2089.81,0.49064,0.792364255,78.36825655,62.09620522,1.007104464
imof-105,3,15.33359,20.59468,3456.72,0.56766,0.45025446,137.7930339,62.04192806,1.918232601
imof-106,1,7.9228,9.06567,1116.27,0.1276,1.05136522,69.71089578,73.29161126,0.087613233
imof-107,2,9.75357,10.85493,2343.92,0.26438,0.730128668,140.878151,102.8591768,0.447128819
imof-108,1,7.36676,7.49696,1141.39,0.1359,1.287779073,58.80910542,75.73313527,0.057220563
imof-109,3,7.89024,19.74796,4994.47,0.47852,0.406924573,198.838487,80.91226638,0.578962134
imof-110,1,6.09379,6.56383,929.26,0.0629,1.090922209,37.6777857,41.10353321,0.144176753
imof-111,1,6.25307,9.19507,788.682,0.0977,1.250455378,17.89521516,22.37716803,0.025170772
imof-112,1,19.85417,19.98792,1465.03,0.33218,0.794868118,101.0393745,80.31297744,0.630273447
imof-113,1,10.63038,11.21959,944.708,0.16198,1.167111543,71.02650485,82.89585366,0.412633327
imof-114,1,11.864,12.57079,2197.87,0.28998,0.756315558,163.1174367,123.3682552,0.374232012
imof-115,3,13.04286,24.75091,4920.11,0.62808,0.312545857,164.5858372,51.44062155,2.694805706
imof-116,3,7.99588,13.75266,4660.63,0.41064,0.480673412,200.7480544,96.49425225,0.417624847
imof-117,3,11.22344,13.77471,4344,0.3701,0.562583329,157.3078475,88.49877252,0.705334616
imof-118,1,10.91118,11.90206,973.923,0.15982,0.975903025,80.94358886,78.99309321,0.201324979
imof-119,1,8.67814,9.86947,969.505,0.16702,1.325616174,64.12714782,85.00798435,0.064486592
imof-120,1,7.24205,8.23028,604.381,0.07822,1.470496729,43.10788531,63.39000433,0.160568464
imof-121,1,9.5738,10.00625,2109.98,0.24608,0.780504252,174.9393023,136.5408693,0.34084371
imof-122,3,11.1742,16.68286,5186.98,0.61804,0.304924179,207.9041185,63.3949927,3.06075904
imof-123,1,10.24279,10.49753,664.317,0.14382,1.357577974,46.40891777,63.00372455,0.261552225
imof-124,3,14.23866,20.57787,3701.62,0.54844,0.439621423,143.011368,62.87086106,1.981562025
imof-125,1,4.88619,5.84391,857.954,0.0412,1.149028473,53.16028069,61.08267614,0.214760276
imof-126,1,6.71221,7.13874,901.625,0.11422,1.507706714,55.02928637,82.96802455,0.045972785
imof-127,1,7.04204,7.16387,1178.11,0.11768,1.208495989,54.44898959,65.80138551,0.044182738
imof-128,3,6.59931,13.67225,2985.99,0.44194,0.690597769,95.98444049,66.28664045,1.263249057
imof-129,3,8.28079,15.45113,2198.45,0.38934,0.883612336,93.87124188,82.94578731,0.514765541
imof-130,3,13.98,20.50086,3805.07,0.54612,0.450390984,152.6263824,68.74154656,1.736400655
imof-131,3,8.04794,13.17017,3021.33,0.34374,0.692099313,146.7521154,101.5670382,0.281584469
imof-132,1,5.56528,6.96337,1715.13,0.10904,1.022824103,99.47091945,101.741254,0.075149866
imof-133,1,8.37492,8.44594,743.868,0.1093,1.222690896,50.90433929,62.24027224,0.038222582
imof-134,1,8.64591,9.27781,971.628,0.1298,1.011024983,81.77685826,82.67844671,0.426336729
imof-135,1,10.26127,10.83711,928.388,0.14422,1.173602081,73.91618802,86.74819208,0.421042765
imof-136,3,7.18803,13.61072,3545.45,0.378,0.599781817,170.732299,102.4021285,0.359767328
imof-137,1,8.69805,9.33759,721.883,0.11082,1.175774412,61.28860194,72.06156989,0.063965722
imof-138,3,4.57453,6.7421,1979.96,0.09296,0.985685687,57.91887717,57.08980824,0.12923291
imof-139,3,12.73301,19.94917,5229.82,0.51482,0.365147105,236.3464082,86.30120672,1.700491445
imof-140,1,21.15596,21.4891,1817.44,0.42974,0.59945313,122.0720065,73.17644645,1.399543367
imof-141,1,17.79341,18.22546,1447.11,0.34884,0.78376304,106.2118742,83.24494136,0.45152113
imof-142,1,19.47832,19.78696,1622.62,0.37688,0.717084157,110.8806926,79.51078791,1.319400008
imof-143,3,8.07027,13.31186,5078.87,0.49326,0.423426298,171.5302019,72.63039829,1.204461572
imof-144,1,5.45179,6.90143,1023.05,0.09012,1.288048858,26.0251901,33.52171639,0.17279442
imof-145,1,10.98659,11.78565,1261.49,0.2748,1.164695229,101.0168779,117.6538757,0.289857744
imof-146,3,5.20034,7.9497,2721.1,0.19896,0.891173679,127.7969868,113.8893108,0.128258201
imof-147,1,10.70991,11.10899,1186.56,0.19998,0.969461164,97.73903195,94.75419571,0.409207712
imof-148,1,21.26986,21.59128,1230.71,0.40256,0.791256651,84.00778889,66.47172172,0.779829274
imof-149,1,21.78101,21.92341,1744.87,0.40712,0.584097437,126.218423,73.72385739,1.232951727
imof-150,1,22.96391,23.24382,1719.43,0.43716,0.603908698,122.0695917,73.71888819,1.319251487
imof-151,3,12.48938,19.75259,3462.23,0.4946,0.538206924,135.3024563,72.82071885,1.24594505
imof-152,1,17.08686,17.46582,1343.44,0.33502,0.790750003,93.54985359,73.97454697,1.027093132
imof-153,1,10.69899,12.01569,2019.54,0.28712,0.779202638,139.3299354,108.5662533,0.616589681
imof-154,1,6.28794,6.58197,789.336,0.07694,1.342403246,44.15402757,59.27250993,0.058995005
imof-155,1,4.06778,5.42637,910.761,0.0238,0.990812404,32.21062324,31.91468506,0.068395736
imof-156,3,7.40406,8.88449,5427.62,0.34008,0.475275913,213.0159404,101.2413455,0.293623443
imof-157,1,4.19512,5.63806,631.672,0.0188,1.190262823,66.37327644,79.00164337,0.305466492
imof-158,3,11.44123,17.51636,3892.05,0.46434,0.468581184,192.4592804,90.18279758,0.588407049
imof-159,3,13.95291,20.43421,4331.87,0.55132,0.39439705,174.6994599,68.90095159,2.117698628
imof-160,3,14.83074,20.23968,3725.08,0.54228,0.421278118,161.3615598,67.97809424,2.673692617
imof-161,1,8.5413,8.78152,2693.38,0.16348,0.675426152,231.7326524,156.5182937,0.485837912
imof-162,1,4.41403,4.74633,662.382,0.0157,1.177635349,54.9307107,64.68834669,0.268672347
imof-163,1,9.94432,10.53736,1223.62,0.23314,1.211747493,94.73448624,114.7942762,0.179629303
imof-164,3,6.78385,11.53973,2908.71,0.25672,0.686644901,137.2715908,94.25683794,0.23483037
imof-165,3,7.34447,11.49976,3191,0.28326,0.62916271,169.2659553,106.4958271,0.183496472
imof-166,3,6.86342,11.46068,4048.77,0.31958,0.573292607,187.4694217,107.4748334,0.440535915
imof-167,3,20.84231,21.54103,5398.16,0.779,0.185593447,177.1942932,32.88609971,6.917097745
imof-168,1,6.51105,6.60308,420.649,0.04932,1.616471819,10.90539354,17.62826133,0.070929677
imof-169,1,20.07271,20.40472,971.601,0.36454,0.957375657,51.58958487,49.3906127,1.034213488
imof-170,1,22.26394,22.58531,1869.43,0.45688,0.562270936,131.011019,73.66368822,1.703680728
imof-171,1,5.89028,6.1518,715.319,0.05368,1.293210009,21.25750557,27.49041897,0.040841324
imof-172,1,15.35001,15.61599,1706.55,0.33878,0.691203927,131.2205433,90.70015485,0.885708308
imof-173,3,21.44711,30.94015,6530.74,0.79416,0.14482853,225.8295402,32.70656044,6.249821817
imof-174,3,18.84667,27.27413,6269.59,0.7666,0.172543041,207.3450134,35.77593916,6.019550837
imof-175,3,8.61956,12.76957,2761.66,0.30296,0.69080378,158.9652024,109.8137627,0.346234788
imof-176,1,7.14898,8.16687,592.227,0.0763,1.484986369,38.45229724,57.10113725,0.108561695
imof-177,1,14.33629,14.52032,3097.61,0.38832,0.501837627,216.6350423,108.7156156,0.786569982
imof-178,1,12.14704,12.68659,1165.3,0.2257,0.98505695,95.71644614,94.28615051,0.352283759
imof-179,3,15.32862,19.94057,5709.78,0.64192,0.257766208,237.1257099,61.12299507,2.747495606
imof-180,1,4.27435,5.70132,652.311,0.02046,1.187862196,69.317643,82.33980761,0.057004424
imof-181,1,12.45325,12.60673,962.171,0.21758,1.046075375,52.22883105,54.63529405,0.158487394
imof-182,1,14.13993,14.63892,3199.9,0.40274,0.529484121,178.0759524,94.28838915,1.347664991
imof-183,3,15.34117,20.59875,3967.65,0.57126,0.394096407,143.2354674,56.448583,1.79943154
imof-184,1,5.69198,8.51448,2372.56,0.17802,0.825149607,152.7350161,126.0292386,0.082162661
imof-185,1,6.76579,7.35095,933.449,0.07958,1.130316325,65.17158047,73.66450134,0.044219695
imof-186,1,21.59071,21.92218,2100.95,0.46428,0.531452551,154.9131796,82.32900446,1.998210305
imof-187,1,8.17103,8.80988,403.143,0.08234,1.746270441,30.18154317,52.7051367,0.018424411
imof-188,3,8.65232,14.12864,5188.4,0.55026,0.379115199,173.2043268,65.66439286,1.313194121
imof-189,1,6.09905,6.81167,1303.51,0.08914,0.980939175,76.1058827,74.65524182,0.148128056
imof-190,1,4.46581,5.61799,569.655,0.027,1.295812491,28.63127118,37.10075882,0.173077992
imof-191,3,5.33027,16.45466,2731.85,0.23412,0.712060882,148.1648767,105.5024127,0.143408736
imof-192,3,13.01097,20.12334,4366.92,0.5276,0.420330219,158.8885929,66.78567707,1.878795477
imof-193,3,5.62415,8.10229,898.116,0.14298,1.708050146,36.11901381,61.69308682,0.02511386
imof-194,3,7.77105,13.45033,3737.47,0.42466,0.55661469,163.3269629,90.91018682,0.868752733
imof-195,1,10.16315,10.27811,898.781,0.15944,1.153785632,69.93057382,80.68489134,0.177121048
imof-196,1,6.52143,6.93324,831.676,0.10766,1.598161987,59.88632531,95.70804866,0.196013905
imof-197,1,6.53437,6.94758,831.415,0.11146,1.634899957,60.04676829,98.17045891,0.055860417
imof-198,1,4.9928,5.58532,407.866,0.02612,1.531485203,25.85155824,39.59127894,0.333872303
imof-199,3,12.56852,16.59066,5404.31,0.51872,0.334846517,225.6192657,75.54782538,1.298738644
imof-200,1,20.90733,21.17335,1594.69,0.41594,0.660184296,102.2184706,67.48302909,1.340189503
imof-201,1,20.12724,20.27278,848.089,0.32776,0.994018038,55.83992284,55.50589056,0.891054692
imof-202,1,12.09454,12.63437,1294.64,0.25328,0.930066292,97.72194786,90.88788967,0.338395131
imof-203,3,12.04672,18.53658,4488.12,0.4845,0.446798104,172.2160226,76.94579245,1.394992819
imof-204,1,6.93366,7.51061,1490.59,0.12872,0.954587324,30.84588492,29.44509073,0.046305775
imof-205,3,12.75428,19.81151,5589.35,0.52838,0.348629889,236.5725832,82.47627335,1.603598474
imof-206,3,8.5218,11.90183,4908.35,0.37872,0.446083309,211.8936362,94.52221447,0.21859581
imof-207,1,5.4957,6.43547,502.414,0.04104,1.484860718,15.48928442,22.99942999,0.01749225
imof-208,3,12.27415,12.88862,1972,0.23778,0.772875464,131.3510618,101.5180128,0.349200419
imof-209,1,11.18455,11.70108,734.392,0.17896,1.428114966,48.6027225,69.41027539,0.293293581
imof-210,1,13.01699,13.27111,2137.21,0.34084,0.697396135,146.8906521,102.440973,0.592494392
imof-211,1,6.90082,7.02832,1335.25,0.11352,1.042048372,58.95275854,61.43162607,0.045831474
imof-212,3,5.89731,7.80494,977.872,0.07588,1.185332992,72.09673472,85.45863829,0.093985285
imof-213,3,11.14036,13.25399,3795.76,0.30104,0.568780266,194.71677,110.7510563,0.5963644
imof-214,1,6.25096,9.322,558.391,0.07258,1.238375465,13.13132485,16.26151051,0.093795033
imof-215,1,7.13403,7.28584,1583.55,0.12676,0.935059919,74.68394151,69.83396027,0.106273703
imof-216,1,8.03009,8.6836,628.971,0.09154,1.380615167,45.07566486,62.23214657,0.093772852
imof-217,1,6.89269,8.16404,538.802,0.07286,1.603614221,35.12182902,56.32186447,0.082683046
imof-218,1,22.74991,23.67202,2885.99,0.5529,0.418735693,194.5585119,81.46859335,2.000453271
imof-219,3,8.37779,9.85195,2561.76,0.2175,0.729471415,164.1285301,119.7270711,0.160994923
imof-220,1,8.6315,9.2052,820.047,0.10258,1.092617142,54.70628874,59.77302888,0.161581856
imof-221,3,7.96964,14.23533,4785.75,0.45412,0.446808384,205.4170379,91.78205472,1.007332666
imof-222,1,3.85094,5.0112,601.647,0.01574,1.247719597,45.53500856,56.81492251,0.165099567
imof-223,1,6.41693,7.32346,689.486,0.0636,1.39073804,38.9244669,54.13373679,0.089134705
imof-224,3,6.54343,6.9594,2075.4,0.13984,0.860248345,125.7257358,108.1553561,0.124059165
imof-225,1,20.01349,20.34177,1584.72,0.41258,0.664018702,104.6710786,69.5035538,1.338481546
imof-226,1,19.42387,19.82606,1587.78,0.38182,0.712755152,110.9555397,79.08413258,0.740008457
imof-227,3,7.11844,15.33397,2718.11,0.34876,0.725758371,127.7333231,92.70352847,0.607694567
imof-228,1,22.78377,23.01453,2697.41,0.532,0.439135707,151.8766157,66.69444507,2.292920921
imof-229,1,7.26315,7.47801,1049.25,0.11846,1.21491356,80.13226386,97.35377396,0.095835726
imof-230,1,4.65679,6.50536,875.457,0.04912,1.270970913,91.05003317,115.7219438,0.020977606
imof-231,1,8.75258,10.23679,1396.57,0.17878,0.972180372,110.6625647,107.5839734,0.283474214
imof-232,1,6.75339,7.97803,1045.17,0.1173,1.188378095,40.77200149,48.45255348,0.051674964
imof-233,1,6.09329,9.10948,1394.17,0.11544,0.9492037,39.1074844,37.1209689,0.06016782
imof-234,1,21.46623,21.74774,2125.78,0.44278,0.530914166,162.1046139,86.06363588,2.013296519
imof-235,1,21.00551,21.31784,1903.16,0.43974,0.600894477,122.7706366,73.77219741,1.914865303
imof-236,3,14.914,20.62805,2880.55,0.5434,0.545547634,111.7959376,60.99000927,1.352022465
imof-237,3,12.77768,19.95915,4815.27,0.51174,0.388118107,210.7823189,81.80843463,1.629086361
imof-238,3,15.34162,22.07699,5760.58,0.67884,0.234744183,229.1164946,53.78376426,2.890596656
imof-239,1,5.07815,7.48109,1803.78,0.0912,0.79392956,118.7903591,94.31117756,0.041499826
imof-240,1,21.06312,21.39149,1645.05,0.39674,0.60309349,118.1210334,71.23802627,1.244144565
imof-241,3,14.0554,20.33802,4002.01,0.52866,0.420150609,168.5601925,70.82066755,1.746130238
imof-242,1,6.9634,7.15976,1345.44,0.1086,0.985665749,72.55174061,71.51176572,0.04619825
imof-243,3,14.09544,15.41611,2358.75,0.25108,0.748046105,165.7075754,123.9569064,0.335863501
imof-244,1,5.14897,5.95264,531.259,0.03422,1.176663133,39.59125107,46.58556552,0.034595262
imof-245,1,9.21124,9.95271,604.236,0.1336,1.530858283,39.01081845,59.72003454,0.031019114
imof-246,1,5.50123,6.80117,502.355,0.03444,1.234930503,27.39034487,33.82517236,0.054797978
imof-247,3,8.32642,14.80765,3211.11,0.42484,0.555080768,168.9702641,93.792144,0.93474961
imof-248,1,10.1039,10.92242,1309.36,0.24578,1.144810281,106.3250912,121.7220575,0.184896296
imof-249,1,7.02891,7.17264,1300.78,0.11874,1.103656798,60.21246422,66.45389545,0.066279881
imof-250,1,6.33843,6.90022,1048.37,0.06538,1.112342347,36.02261623,40.0694815,0.077369829
imof-251,1,21.55135,21.85392,1321.1,0.4024,0.733580106,87.32550794,64.06025534,0.967466723
imof-252,1,18.58445,19.02417,876.212,0.31298,1.008562989,57.13169424,57.6209123,0.865052286
imof-253,1,23.18366,23.29451,2282.03,0.47164,0.486192874,161.8684935,78.69930803,2.11157801
imof-254,1,4.42413,4.87178,514.608,0.0137,1.074452947,34.20794882,36.75483144,0.022500502
imof-255,3,5.03897,6.65431,1063.03,0.05108,0.937380773,55.82791712,52.33201612,0.061281041
imof-256,3,14.07879,20.47751,4604.35,0.5594,0.374968131,186.2034711,69.82036752,2.385491967
imof-257,1,10.43763,11.56464,1290.13,0.27192,1.151541311,98.42681851,113.3425477,0.33190893
imof-258,1,5.7978,6.13121,1034.63,0.05676,1.085500499,94.5160272,102.5971947,0.122909611
imof-259,1,20.413,20.72819,1610.59,0.40192,0.658112594,108.8614548,71.64309432,0.78872386
imof-260,1,23.59548,23.70346,1741.1,0.4621,0.591197489,116.6853481,68.9840848,1.672694914
imof-261,1,6.38748,7.02912,895.214,0.07882,1.14278233,49.19709532,56.2215712,0.02134645
imof-262,1,7.04545,8.2898,564.016,0.07662,1.536652688,35.39547908,54.39055808,0.047717
imof-263,1,10.34078,10.57564,719.475,0.13412,1.335304251,64.65518652,86.3343454,0.343027281
imof-264,3,13.76887,19.92595,4625.31,0.55562,0.350299068,207.0427978,72.52689913,2.165335423
imof-265,3,14.24237,16.33862,5821.28,0.51362,0.353726697,199.1660408,70.45034571,2.604682108
imof-266,1,5.71611,6.31987,706.629,0.05152,1.247079346,33.97334721,42.36745961,0.028231954
imof-267,1,9.61143,10.05292,2287.34,0.24854,0.713572471,185.6753863,132.4928442,0.27799058
imof-268,3,5.08491,9.35835,1213.69,0.10786,0.966744326,28.43532453,27.48968865,0.099162643
imof-269,1,30.58336,30.917,2584.2,0.57352,0.37484516,177.8722653,66.6745577,2.094904701
imof-270,2,4.47637,6.05512,765.839,0.04004,1.180017766,26.13193956,30.83615294,0.016107435
imof-271,1,6.81294,9.54038,981.088,0.1189,1.048112196,70.59120835,73.98750638,0.062380213
imof-272,3,9.5199,21.04913,4607.84,0.50296,0.438062925,181.6855119,79.58968677,0.556535438
imof-273,3,5.73439,14.42704,2390.43,0.25954,0.715528647,151.6167921,108.4861582,0.375303877
imof-274,1,6.57815,6.99427,837.522,0.11026,1.601208378,49.94471384,79.97189422,0.06375668
imof-275,1,7.89318,8.6045,722.399,0.09768,1.207425639,55.85876421,67.44530404,0.094327544
imof-276,1,10.35075,12.80511,1939.05,0.32914,0.821664893,147.8999371,121.524186,0.341397515
imof-277,1,8.60843,8.79799,1037.41,0.13262,1.085755848,78.91372911,85.68104289,0.085019041
imof-278,1,6.10785,6.93763,986.175,0.1029,1.411071211,49.18699728,69.40635579,0.05501104
imof-279,1,4.69847,5.38182,492.419,0.02434,1.495638688,28.46676227,42.57599098,0.080898602
imof-280,3,7.33795,10.52332,5396.97,0.3877,0.460534356,206.490355,95.09590259,0.624306225
imof-281,1,10.54265,10.74794,1528.85,0.22056,0.901246536,52.6882212,47.48507687,0.443602711
imof-282,1,21.85482,21.93579,1838.81,0.42266,0.594788784,137.0284135,81.50296341,2.093145821
imof-283,1,12.92599,13.39975,1298.96,0.26356,0.936730434,93.41913754,87.50854928,0.263676781
imof-284,1,7.0593,7.31564,1258.08,0.1206,1.105116147,77.58939874,85.74529739,0.285162219
imof-285,1,7.19658,7.30439,1455.05,0.12914,0.99923542,80.81449905,80.75270988,0.04522832
imof-286,1,6.4895,6.89829,1047.2,0.10844,1.300319997,72.45800785,94.21859658,0.066176801
imof-287,3,12.75128,24.75717,6189,0.61954,0.260757182,255.6152257,66.65350594,3.315726094
imof-288,3,5.45888,7.76882,1804.73,0.12424,0.954509083,81.01284042,77.32749203,0.086476021
imof-289,1,13.64864,14.5447,1119.82,0.22464,0.895249717,84.38218434,75.54312666,0.694922304
imof-290,3,8.06104,11.19452,2935.97,0.29224,0.649881582,166.0703051,107.9260327,0.216230834
imof-291,1,11.6237,12.18169,1098.6,0.20184,0.977167808,89.74459968,87.69553377,0.507301467
imof-292,1,4.47158,5.22664,780.752,0.02762,1.260446678,41.66607958,52.5178716,0.042716107
imof-293,3,14.14906,20.8434,4548.01,0.61262,0.336340145,181.2811688,60.97213466,1.750206737
imof-294,3,16.35543,19.58114,6460.77,0.7324,0.188861155,217.15554,41.01224621,5.591698366
imof-295,1,9.71816,9.85231,874.715,0.14282,1.088734067,63.66122396,69.31014328,0.101026198
imof-296,3,9.238,14.2601,3783.98,0.45094,0.531092192,175.8295281,93.38168942,0.699153907
imof-297,1,9.0527,9.34156,1710.35,0.2028,0.929871853,127.0384456,118.1294748,0.070602216
imof-298,1,21.90896,22.23468,1608.15,0.42772,0.626264644,118.6072794,74.27954559,0.899910569
imof-299,1,21.59766,21.92277,2003.66,0.42648,0.536551627,148.9894005,79.94050528,1.250337114
imof-300,1,6.47215,6.92208,884.562,0.06412,1.063578243,41.78435325,44.44092902,0.093858758
imof-301,2,4.42784,5.23345,899.143,0.03448,1.368262493,75.57171213,103.4019393,0.024986302
imof-302,3,10.78578,12.31293,4664.73,0.42938,0.451425833,204.5793303,92.3523947,1.057513897
imof-303,1,20.34295,20.64479,1300.51,0.39838,0.775183104,83.48077008,64.71288245,1.334182297
imof-304,1,5.23487,7.52416,423.199,0.03956,1.687615879,20.72754632,34.98013631,0.097162316
imof-305,1,20.90388,21.22794,1878,0.44788,0.60902415,122.4871737,74.5976469,1.85597969
imof-306,3,5.37495,9.28854,910.323,0.10562,1.212910511,29.72279775,36.05109381,0.097239613
imof-307,3,6.25782,15.4517,2097.67,0.3037,0.855450724,109.8011009,93.92943127,0.093202967
imof-308,1,4.93708,6.02674,402.189,0.02344,1.458995635,16.18566274,23.61481129,0.060912336
imof-309,1,9.90865,10.38829,2030.69,0.23858,0.759027623,160.966356,122.1779106,0.597635226
imof-310,1,7.23985,8.41574,608.85,0.08094,1.477999431,38.10352305,56.31698537,0.09602801
imof-311,1,22.21046,22.53029,1624.78,0.4433,0.621978952,108.9420093,67.75963671,1.537242165
imof-312,1,21.0576,21.19416,1562.76,0.4043,0.718426506,97.89115423,70.32759992,1.604063759
imof-313,1,21.95888,22.24542,2009.92,0.44942,0.55034621,139.7189227,76.89377955,1.968843784
imof-314,1,10.63932,11.87825,2096.79,0.28198,0.751045885,147.4169731,110.7169111,0.5126218
imof-315,3,9.89787,11.74233,3896.04,0.36752,0.527961199,147.9702477,78.12254944,0.343164816
imof-316,3,8.1826,8.87814,2362.9,0.20282,0.744825925,159.37744,118.7084492,0.135235235
imof-317,3,14.2029,20.52415,3942.81,0.55318,0.420352768,152.3911043,64.0580225,2.13724291
imof-318,1,4.95337,7.30996,391.635,0.03894,1.778138095,37.58113803,66.82445318,0.016197827
imof-319,3,10.33459,16.30958,4458.21,0.54372,0.391569351,161.6464622,63.29580029,1.794694737
imof-320,1,22.28481,22.60556,2141.41,0.4722,0.504124825,158.6774344,79.99323393,2.207484205
imof-321,3,8.81901,13.29073,3119.42,0.32026,0.741466803,134.1791731,99.48940259,0.193794474
imof-322,1,5.04622,5.89209,931.471,0.0494,1.137968336,54.88090086,62.4527274,0.086727218
imof-323,1,5.05496,5.50425,785.952,0.03542,1.086143421,23.89998982,25.95881669,0.13632688
imof-324,3,5.66339,12.49986,2878.1,0.2904,0.747363143,139.2310962,104.0561896,0.23550039
imof-325,1,7.68548,9.39095,2749.01,0.25922,0.670203618,187.5732579,125.712276,0.129694776
imof-326,1,20.84849,21.14907,1325.18,0.3965,0.750754554,94.18679992,70.71116899,0.758196039
imof-327,1,22.26167,22.49944,1617.25,0.431,0.614771,111.2123625,68.37013524,1.368925087
imof-328,1,20.51723,20.61467,585.131,0.35116,1.505198538,29.58244513,44.52745317,0.611976928
imof-329,1,5.59563,5.75064,813.376,0.046,1.1419378,34.93817454,39.89722216,0.101673077
imof-330,3,15.1497,20.34385,4343.09,0.55456,0.373009936,187.7272634,70.02413447,2.476964985
imof-331,3,12.80831,20.15985,2331.55,0.49154,0.710607064,97.03828796,68.95609294,1.044915316
imof-332,3,7.58996,16.59039,4428.36,0.44892,0.443134136,199.7665946,88.52339737,1.410377978
imof-333,1,10.736,11.47509,1094.97,0.25632,1.299191375,82.30391363,106.9285347,0.21219402
imof-334,1,8.77943,10.85265,1204.14,0.19418,1.218197904,73.78137805,89.88032009,0.126730213
imof-335,1,20.17336,20.51246,1239.56,0.38442,0.786142669,90.47251666,71.12430575,0.720739098
imof-336,1,21.05033,21.35618,1655.18,0.41516,0.628097294,106.2575916,66.74010574,1.423765147
imof-337,3,15.33694,20.62143,4314.33,0.5699,0.367131414,185.9047167,68.25146152,2.476563793
imof-338,1,9.94978,10.04731,1028.9,0.1561,1.013943647,81.19597535,82.32814334,0.102776867
imof-339,3,9.22578,18.84802,3258.12,0.47376,0.549575778,143.2228361,78.71180149,0.529103584
imof-340,1,5.31562,5.84094,1091.34,0.05466,0.990060992,57.74035838,57.16647647,0.036355922
imof-341,1,21.69656,22.02657,1963.51,0.45966,0.556018197,141.5907768,78.72704835,1.93090132
imof-342,1,22.24863,22.54496,1404.17,0.4143,0.708001062,92.41375914,65.42903962,0.882766016
imof-343,1,15.29752,15.64017,1855.16,0.34106,0.635458284,151.1216211,96.03148599,0.835787217
imof-344,3,4.72362,12.86204,3263.94,0.26338,0.705733929,129.6820578,91.52102818,0.114466005
imof-345,1,8.93902,10.05195,925.262,0.13516,1.175424218,22.71185955,26.69606976,0.142575311
imof-346,1,18.48014,18.82048,1324.69,0.3775,0.782897864,79.84914931,62.51372845,0.909426508
imof-347,2,4.57914,12.10871,1722.21,0.18786,1.020104359,95.66067686,97.58387344,0.240410538
imof-348,1,22.4446,22.73592,2068.59,0.46652,0.539372493,147.2188486,79.40579742,2.098783849
imof-349,1,9.24618,10.76896,2371.42,0.29444,0.712351746,166.1061815,118.3260284,0.492017511
imof-350,1,7.63133,9.34702,555.076,0.1205,2.174419566,34.27769267,74.53408563,0.03747305
imof-351,3,7.36757,9.96506,4182.99,0.3373,0.558655073,187.0522878,104.4977096,0.985341991
imof-352,1,4.98573,6.13025,766.214,0.0507,1.263426725,48.18628747,60.87984335,0.023862947
imof-353,1,4.95702,6.46086,821.837,0.05544,1.368833856,24.69414889,33.80218705,0.156440599
imof-354,1,7.60601,7.81833,510.028,0.0733,1.393668617,38.0819225,53.07358027,0.062924084
imof-355,2,5.64822,6.96176,1920.72,0.0924,0.951206214,119.7479608,113.9050045,0.11912465
imof-356,3,8.53398,9.31661,2292.51,0.24154,0.761119969,150.4103598,114.4803284,0.255744983
imof-357,3,12.55615,19.96737,3588.71,0.50824,0.52888757,133.7464615,70.73684106,1.374501144
imof-358,1,22.02295,22.12934,1356.18,0.39522,0.697689479,96.00100973,66.97889444,1.350957719
imof-359,1,5.59413,6.50353,505.724,0.04186,1.478520669,24.82035241,36.69740406,0.047114437
imof-360,1,12.97132,13.45642,1128.4,0.2461,0.998651025,82.52650508,82.41517891,0.377461147
imof-361,1,4.56662,5.5127,489.615,0.0199,1.208407475,14.77344484,17.85234118,0.125762602
imof-362,3,8.57155,10.17893,3662.54,0.42218,0.603378503,157.8375355,95.23577586,0.892942573
imof-363,1,10.55547,10.84057,2072.81,0.15614,0.746773671,165.6464726,123.7004244,0.121634116
imof-364,3,6.84371,11.21202,4515.24,0.30612,0.547780195,173.4180063,94.99494935,0.365352372
imof-365,1,6.03593,6.92835,724.245,0.03972,1.144664622,51.21784322,58.62725315,0.041822773
imof-366,1,11.6627,12.21892,1275.13,0.24158,0.925809371,96.43569678,89.28107176,0.265785288
imof-367,3,13.5659,22.35242,5957.48,0.6728,0.243838691,205.6770739,50.15202838,3.75628665
imof-368,1,6.86844,8.13455,539.08,0.07172,1.589504918,36.37457253,57.81756192,0.072117816
imof-369,3,9.17275,14.55061,3913.21,0.45544,0.474910168,186.4475704,88.54584692,1.299524487
imof-370,1,5.83077,6.07165,586.209,0.03726,1.3491289,12.37869674,16.70045752,0.304379957
imof-371,1,16.92487,16.98955,1927.53,0.45936,0.680100614,136.2326171,92.65188651,1.207828564
imof-372,1,4.35251,4.72082,646.549,0.01608,1.251432559,62.5989666,78.33838496,0.161471522
imof-373,1,20.36699,20.70025,1561.13,0.43684,0.757112752,96.92103032,73.38014798,1.40787064
imof-374,1,8.71376,9.28878,1059.65,0.13196,1.028581879,66.52070961,68.42199651,0.261646519
imof-375,1,10.39069,11.70989,2102.6,0.27504,0.752291112,147.4010476,110.888498,0.336202513
imof-376,3,10.46054,21.0518,4971.83,0.54186,0.368328482,209.0894344,77.01359403,0.827279747
imof-377,1,22.1549,22.45841,1923.01,0.46298,0.563082021,137.5977948,77.47884437,2.025711166
imof-378,1,19.26172,19.61581,1681.68,0.38526,0.656681203,116.6640339,76.61107809,0.815057308
imof-379,1,23.24349,23.51732,1747.65,0.44878,0.585163987,120.9243123,70.76055274,1.794262264
imof-380,1,5.54279,5.83947,511.173,0.03984,1.627040275,18.62964632,30.31118487,0.03331884
imof-381,1,14.54117,14.72489,1859.36,0.31492,0.678569744,137.8835505,93.56360558,0.739488906
imof-382,3,14.13242,20.45724,4524.37,0.56498,0.380121222,173.5554729,65.97211838,2.519293748
imof-383,2,6.60043,9.01236,2655.28,0.2315,0.826317708,123.2368468,101.8327888,0.251157196
imof-384,2,4.82877,6.35486,1268,0.06218,0.989116222,74.32411703,73.51518981,0.032349195
imof-385,1,22.11771,22.21515,1004.02,0.41344,0.993215661,60.80094884,60.3884546,1.021324853
imof-386,3,4.89276,7.38252,899.544,0.06538,1.181785265,25.37490298,29.98768643,0.024072525
imof-387,3,12.57835,19.38843,5514.76,0.62226,0.307276429,191.5824438,58.86876928,2.312885411
imof-388,3,8.16529,8.45701,1988.53,0.12082,0.835167096,122.9450298,102.6796436,0.153309926
imof-389,1,20.15231,20.46875,1610.99,0.41422,0.647908386,110.8744334,71.83647517,1.669037815
imof-390,3,13.28667,15.135,2170.91,0.25796,0.771302601,153.7321372,118.5739973,0.655822736
imof-391,1,12.49416,12.9717,1426.97,0.27828,0.841363105,97.97853036,82.43552048,0.200905316
imof-392,3,13.19403,20.27355,2858.81,0.5056,0.57511498,108.6935176,62.51127017,1.435983346
imof-393,1,6.99308,9.64917,1006.71,0.12192,1.014604787,72.5954879,73.65572952,0.085248042
imof-394,1,5.89898,6.40383,1233.42,0.08692,1.069412471,68.23247667,72.96866145,0.159059783
imof-395,1,9.34285,10.07036,2245.94,0.24526,0.723660616,182.6521164,132.178143,0.381241729
imof-396,1,10.44086,11.8189,2040.88,0.27994,0.777812406,139.6200202,108.5981838,0.633563726
imof-397,1,9.8976,10.93728,1384.54,0.253,1.091514565,107.1935944,117.0033696,0.215265128
imof-398,1,4.05618,5.25128,649.211,0.0224,1.259481337,37.51653605,47.25137697,0.048848178
imof-399,1,20.83628,20.92124,959.612,0.3651,0.943234706,50.1182586,47.27328092,1.002778284
imof-400,1,19.67762,19.91513,1395.68,0.3206,0.771467122,101.5890617,78.37262104,0.802818481
imof-401,1,7.4411,8.09703,1122.67,0.12608,1.108387818,84.77776171,93.96663833,0.22822327
imof-402,3,12.63527,20.06223,3006.22,0.50142,0.606649048,109.4369441,66.38981794,1.299981671
imof-403,1,9.90076,10.70036,1911.3,0.23612,0.819503572,146.4477444,120.0144497,0.384210588
imof-404,3,12.57891,17.46548,5115.81,0.64122,0.290367975,170.9951548,49.65151683,2.926903235
imof-405,3,5.05247,8.51312,2741.25,0.18822,0.771868433,122.4127091,94.48650599,0.074440012
imof-406,1,20.55839,21.47904,2559.78,0.50766,0.489088118,115.2849333,56.38449106,1.250490995
imof-407,3,29.83114,30.58595,5956.75,0.87358,0.104079125,184.2341596,19.17493018,10.52039959
imof-408,3,14.31656,17.67976,5886.01,0.69468,0.240166897,188.3341588,45.23163052,4.749260398
imof-409,1,4.73914,5.39547,477.874,0.02386,1.481257391,28.35657636,42.00338834,0.032879701
imof-410,3,6.6442,14.50452,3305.42,0.29054,0.654769748,127.126976,83.23889806,0.117389368
imof-411,1,21.29347,21.60679,1366.12,0.4147,0.727045345,98.43358157,71.56567729,1.200932538
imof-412,1,5.88334,7.39166,633.458,0.05228,1.181024602,28.38433834,33.5226019,0.047760847
imof-413,1,11.24633,12.32532,1155.04,0.1828,0.846990791,98.60787853,83.51996507,0.284560393
imof-414,1,15.83769,16.22895,1641.56,0.29362,0.739554722,96.06066043,71.04211502,0.665284729
imof-415,3,8.76637,13.80953,4595.22,0.46574,0.438335132,199.6816256,87.52747165,0.531063441
imof-416,1,8.60218,9.22919,551.528,0.09078,1.331185633,39.52126166,52.61013573,0.046480456
imof-417,1,20.42861,20.69771,2142.96,0.43164,0.549789236,169.1389534,92.99077593,1.745148568
imof-418,1,8.54274,9.14393,693.186,0.10486,1.189643007,53.47877329,63.62064865,0.176771944
imof-419,3,6.58069,10.20832,2385.32,0.22254,0.835852101,131.1279727,109.6035915,0.170712935
imof-420,1,7.59091,9.07791,2374.05,0.24672,0.745771549,145.1250208,108.2301116,0.129286132
imof-421,3,13.04127,20.22958,4107.15,0.5214,0.439813152,150.1831922,66.05254321,1.733339771
imof-422,1,7.04971,7.32369,1503.1,0.12348,0.934538235,94.65079968,88.45479125,0.480757863
imof-423,1,8.01799,8.60099,626.521,0.11924,1.653348564,45.13502712,74.62393226,0.027447726
imof-424,1,7.95156,8.11626,885.457,0.1063,1.147960648,68.81988935,79.00252477,0.057712428
imof-425,1,9.41967,9.78332,2203.49,0.23786,0.728568748,178.4458938,130.0101015,0.461212314
imof-426,1,9.23845,9.46942,1649.03,0.16856,0.833374672,132.5298777,110.4470433,0.113942381
imof-427,3,4.92429,6.57232,2594.07,0.08892,0.786204072,144.9316633,113.9458638,0.281769059
imof-428,1,5.74908,6.42145,486.448,0.03342,1.188560344,17.3833548,20.66116616,0.153725067
imof-429,1,7.42421,7.70907,405.524,0.05456,1.366025139,29.65304055,40.50679884,0.028215021
imof-430,1,20.59226,20.91662,1851.21,0.41836,0.633685243,122.5882648,77.6823743,1.812464826
imof-431,1,12.19224,12.70871,1099.57,0.222,1.001058033,84.50117312,84.59057812,0.433990561
imof-432,3,14.40877,19.41369,3683.93,0.5039,0.456142441,160.3601214,73.14705722,1.341958461
imof-433,3,15.34354,21.76675,5700.8,0.66494,0.245956192,231.5047549,56.94002788,3.025697007
imof-434,2,5.14193,6.14741,1741.43,0.08604,0.939401331,37.64764689,35.36624959,0.131910199
imof-435,1,9.10299,9.21877,767.004,0.1214,1.136795154,58.51239218,66.51660389,0.051051285
imof-436,2,5.72844,7.82392,2262.38,0.17178,0.86086388,99.184958,85.38474775,0.061338962
imof-437,1,9.59439,10.06462,595.53,0.10482,1.226273016,20.52002059,25.16314755,0.078463394
imof-438,3,14.01154,20.1886,3507.64,0.50906,0.45619985,155.3343643,70.86351368,2.172641365
imof-439,1,8.02756,8.9595,640.491,0.09212,1.43653152,15.48586369,22.2459313,0.110271157
imof-440,1,11.71253,12.20538,1170.65,0.2406,0.996108716,81.21086862,80.8948541,0.283732125
imof-441,3,8.9825,10.43084,3324.97,0.28106,0.605702789,196.5987696,119.080423,0.232086415
imof-442,1,6.11837,6.31205,1168.43,0.08552,1.159861497,56.34825975,65.35617691,0.061884981
imof-443,3,15.07919,20.51638,4338.98,0.56946,0.368172858,185.5018794,68.29675706,2.154164163
imof-444,3,8.07218,10.85416,2355.14,0.17752,0.789926409,165.7023266,130.8926439,0.219698556
imof-445,1,7.0246,7.32791,1469,0.12278,1.00782964,86.06723587,86.74111137,0.118809809
imof-446,1,6.61613,8.09784,749.206,0.07798,1.247592185,19.79925023,24.70138985,0.095934909
imof-447,1,18.66312,19.07184,1490.68,0.36824,0.736070562,109.0364989,80.25855701,0.741768091
imof-448,3,7.83134,13.80238,3250.27,0.33684,0.630432803,175.5101499,110.6473557,0.377863427
imof-449,1,18.50068,18.67,1858.24,0.42502,0.700595345,133.8827565,93.7976359,0.817676489
imof-450,1,8.51528,9.14368,762.57,0.10054,1.174098966,54.10926449,63.52963149,0.087359298
imof-451,1,6.53314,8.91698,862.312,0.08494,1.087487021,35.09242868,38.16256071,0.0519582
imof-452,3,7.90571,12.45172,3044.93,0.37148,0.701791079,120.5916286,84.63012918,0.328949643
imof-453,2,4.93283,7.60118,1573.36,0.10952,0.920049473,77.51171872,71.31461598,0.067822065
imof-454,3,8.25015,10.25222,3439.34,0.3337,0.619075987,168.7950284,104.4969488,0.306918808
imof-455,1,5.47528,6.07801,481.8,0.03104,1.151503578,23.05115315,26.54348532,0.067469181
imof-456,1,7.84018,9.90414,2168.24,0.24298,0.835703777,120.9764378,101.100466,0.250440913
imof-457,1,13.87006,14.14065,2385.2,0.3506,0.615790182,158.1943563,97.41453149,0.681025537
imof-458,1,14.91762,15.01433,827.55,0.1852,0.97911695,59.68277528,58.43641692,0.680867784
imof-459,1,8.77988,9.47483,973.208,0.13566,1.073456147,78.77957664,84.56642079,0.291708747
imof-460,1,8.28581,8.60988,554.113,0.0978,1.498624985,32.4170494,48.58100018,0.032022402
imof-461,3,12.12329,18.60594,3408.77,0.48208,0.495933414,165.8273114,82.23930472,1.204822283
imof-462,3,12.4544,19.6221,3122.32,0.4785,0.576739585,126.6250169,73.02965964,1.335072056
imof-463,3,7.90744,16.55336,3876.77,0.45188,0.495511727,188.9421327,93.62304244,1.597916955
imof-464,3,11.72643,13.20967,3666.29,0.35796,0.527921658,203.181657,107.2639972,0.65673772
imof-465,1,5.24113,7.00222,492.59,0.03866,1.410958698,30.25234713,42.68481231,0.092599966
imof-466,3,24.29344,25.23611,5807.88,0.82576,0.138402585,179.6795608,24.86811578,5.997576282
imof-467,1,20.10956,20.44735,1805.41,0.39976,0.633438416,118.5439921,75.09031853,1.28114902
imof-468,1,12.47218,13.01201,1389.62,0.27462,0.920329651,100.5312183,92.52186101,0.547953018
imof-469,3,13.11498,19.97994,4914.06,0.5377,0.368584472,217.9465234,80.33170432,1.971939378
imof-470,1,8.75015,9.21358,1520.73,0.17204,0.876351562,119.7670125,104.9580085,0.411775626
imof-471,1,9.79404,11.43736,3175.95,0.32798,0.56845564,223.0417828,126.7893595,0.984315606
imof-472,1,7.01775,8.25625,560.38,0.07584,1.575300515,31.07877049,48.95840316,0.135169434
imof-473,3,8.00692,15.22403,3703.81,0.3973,0.57861881,176.7114543,102.2485714,0.569668796
imof-474,3,7.89832,15.04841,3758.15,0.38842,0.5737147,172.711663,99.08721986,0.332071285
imof-475,1,7.62922,8.21728,1703.61,0.1535,0.81851651,40.43341737,33.09541965,0.146859241
imof-476,1,5.45894,7.04794,470.255,0.0398,1.373963902,20.86635826,28.66962302,0.01361139
imof-477,3,8.8619,11.13408,3013.49,0.285,0.658334561,173.4016254,114.1562829,0.14352763
imof-478,1,14.41128,14.57866,3108.5,0.39488,0.500630414,214.376204,107.3232478,0.632465928
imof-479,1,20.78639,21.09771,1342.83,0.40668,0.773392539,93.19213237,72.07409991,0.753995627
imof-480,1,12.59593,12.97918,1599.45,0.3209,0.904210743,110.7642514,100.1542261,0.321926691
imof-481,1,6.27177,9.03399,1438.45,0.13644,1.100516642,86.2759164,94.94808182,0.121270342
imof-482,3,7.99222,9.81842,3332.44,0.29176,0.5839923,203.35218,118.7561073,0.188220303
imof-483,3,16.37188,17.20385,5529.35,0.6994,0.243140254,207.2602608,50.39331238,4.882048296
imof-484,3,13.37703,15.05303,2303.99,0.26082,0.70549343,57.86023903,40.82001849,0.282934241
imof-485,1,5.58654,6.45511,1042.4,0.05092,0.999997182,78.95288868,78.95266623,0.071366565
imof-486,1,21.86101,22.18104,1838.29,0.44372,0.570376062,127.2472713,72.57879754,1.667288298
imof-487,1,20.34707,20.44952,1102.15,0.37376,1.02195531,66.74878653,68.21427681,1.143475088
imof-488,1,22.25144,22.53934,2085.01,0.46156,0.5371176,153.7830323,82.59957319,2.049966339
imof-489,3,15.2545,20.5111,4596.99,0.58174,0.352496783,181.8376002,64.09716904,2.151385774
imof-490,3,5.15668,12.46626,3124.25,0.27922,0.745625788,114.557169,85.41677939,0.218575368
imof-491,3,10.86118,13.89034,4739.55,0.57508,0.380963376,186.5155699,71.05560122,1.990831799
imof-492,1,10.90359,11.60093,1247.66,0.2742,1.142876584,98.55536205,112.6366155,0.323347375
imof-493,1,21.62651,21.95706,1821.9,0.4495,0.591487074,126.5758188,74.8679607,1.436087497
imof-494,3,11.06572,16.94177,2305.71,0.4356,0.793566226,86.73929423,68.8333744,0.838609555
imof-495,1,7.65306,8.26088,1681.94,0.15246,0.825654774,39.21311225,32.37649335,0.163811073
imof-496,3,11.58448,18.05241,4935.36,0.47958,0.42550327,187.3923957,79.73607718,1.196295249
imof-497,3,11.2509,12.9254,3755.95,0.33306,0.545176923,201.6438897,109.9315953,0.325047308
imof-498,1,6.91371,7.11847,824.816,0.11402,1.657477881,63.60085487,105.4170102,0.091909707
imof-499,1,5.15987,7.82547,420.908,0.04318,1.754250945,22.06302456,38.70408169,0.008420657
imof-500,3,4.98442,5.98374,832.93,0.04296,1.131924292,26.3174987,29.78941608,0.014593599
imof-501,3,5.0284,6.40822,2077.69,0.10446,0.979557657,83.30746061,81.60446093,0.073809283
imof-502,1,6.86074,7.10688,916.682,0.08772,1.165962694,27.62382315,32.20834727,0.23023784
imof-503,3,14.90933,20.64038,2587.59,0.54204,0.600282093,101.6979191,61.0474397,1.28618019
imof-504,1,10.67749,12.57965,2713.9,0.30782,0.618723879,184.5177044,114.1655098,0.32870252
imof-505,1,9.95289,10.5531,2002.08,0.23608,0.762178978,157.3623596,119.9382824,0.270180724
imof-506,1,6.30704,6.865,732.966,0.08532,1.509415596,37.4500503,56.52769001,0.016616753
imof-507,3,8.97833,9.61784,3782.64,0.2611,0.613648404,224.7088664,137.8922372,0.168270171
imof-508,1,4.15103,5.37056,545.015,0.02174,1.516489876,57.55789914,87.28597134,0.131166577
imof-509,3,9.78343,12.11796,3825.34,0.33058,0.545324368,203.9554101,111.2218551,0.251813555
imof-510,3,21.55548,22.20175,5875.17,0.78036,0.165437502,223.901979,37.04178403,4.916484122
